exercise,weight,reps,sets,date,rir,rpe,success,day_of_week,month,volume
Squat,72,6,4,2024-12-12,1.0,7.1,False,3,12,1728
Barbell Row,56,10,2,2024-12-12,1.0,9.6,False,3,12,1120
Bench Press,54,4,5,2024-12-12,2.0,,True,3,12,1080
Overhead Press,41,9,3,2024-12-12,4.0,7.6,True,3,12,1107
Deadlift,87,7,5,2024-12-12,4.0,9.4,True,3,12,3045
Bench Press,51,12,5,2024-12-12,1.0,7.6,True,3,12,3060
Overhead Press,44,10,1,2024-12-13,0.0,,True,4,12,440
Deadlift,91,12,1,2024-12-13,4.0,6.6,True,4,12,1092
Squat,68,5,3,2024-12-13,3.0,7.6,False,4,12,1020
Deadlift,93,12,5,2024-12-13,3.0,,True,4,12,5580
Barbell Row,63,3,5,2024-12-14,2.0,6.8,True,5,12,945
Squat,71,6,4,2024-12-14,,,True,5,12,1704
Overhead Press,42,7,4,2024-12-14,1.0,,True,5,12,1176
Barbell Row,61,11,4,2024-12-14,,,False,5,12,2684
Squat,69,5,1,2024-12-14,2.0,7.2,True,5,12,345
Squat,70,4,5,2024-12-15,1.0,9.4,True,6,12,1400
Deadlift,88,6,5,2024-12-15,1.0,7.2,True,6,12,2640
Barbell Row,59,6,1,2024-12-15,2.0,,True,6,12,354
Overhead Press,42,9,2,2024-12-15,2.0,6.7,True,6,12,756
Overhead Press,41,4,1,2024-12-15,,7.9,True,6,12,164
Squat,69,4,4,2024-12-15,,,True,6,12,1104
Overhead Press,46,12,5,2024-12-16,3.0,,True,0,12,2760
Deadlift,89,11,3,2024-12-16,4.0,,True,0,12,2937
Deadlift,87,10,1,2024-12-16,3.0,7.1,True,0,12,870
Overhead Press,45,12,4,2024-12-16,0.0,6.3,False,0,12,2160
Deadlift,89,9,1,2024-12-17,,6.2,True,1,12,801
Barbell Row,60,6,4,2024-12-17,1.0,,False,1,12,1440
Barbell Row,57,11,5,2024-12-17,,9.1,True,1,12,3135
Overhead Press,47,9,3,2024-12-17,,7.1,True,1,12,1269
Squat,70,11,1,2024-12-17,3.0,,True,1,12,770
Bench Press,54,5,2,2024-12-17,3.0,,True,1,12,540
Bench Press,55,11,4,2024-12-17,1.0,9.9,True,1,12,2420
Barbell Row,65,5,2,2024-12-18,2.0,8.4,True,2,12,650
Squat,70,9,5,2024-12-18,2.0,,True,2,12,3150
Squat,66,9,4,2024-12-18,1.0,9.8,True,2,12,2376
Overhead Press,50,4,5,2024-12-18,0.0,,True,2,12,1000
Overhead Press,48,7,1,2024-12-18,1.0,,True,2,12,336
Barbell Row,59,4,2,2024-12-18,4.0,9.5,True,2,12,472
Deadlift,89,9,1,2024-12-18,1.0,7.4,True,2,12,801
Deadlift,90,11,5,2024-12-18,0.0,,True,2,12,4950
Bench Press,57,6,2,2024-12-19,2.0,7.2,True,3,12,684
Deadlift,99,8,5,2024-12-19,,,True,3,12,3960
Bench Press,55,3,2,2024-12-19,0.0,9.4,True,3,12,330
Squat,65,3,1,2024-12-19,3.0,,False,3,12,195
Barbell Row,65,9,5,2024-12-19,4.0,7.2,True,3,12,2925
Overhead Press,51,3,3,2024-12-19,3.0,6.4,True,3,12,459
Bench Press,56,12,2,2024-12-20,,,False,4,12,1344
Deadlift,95,5,3,2024-12-20,4.0,,True,4,12,1425
Barbell Row,65,8,2,2024-12-20,1.0,,True,4,12,1040
Squat,72,12,4,2024-12-20,0.0,9.4,True,4,12,3456
Squat,66,10,2,2024-12-20,,,True,4,12,1320
Barbell Row,60,6,4,2024-12-20,2.0,,True,4,12,1440
Bench Press,50,12,5,2024-12-20,,,True,4,12,3000
Overhead Press,49,3,4,2024-12-21,1.0,9.6,True,5,12,588
Squat,73,11,4,2024-12-21,2.0,,True,5,12,3212
Bench Press,52,4,1,2024-12-21,,7.1,True,5,12,208
Barbell Row,63,4,4,2024-12-21,0.0,,True,5,12,1008
Bench Press,52,8,5,2024-12-21,,,True,5,12,2080
Overhead Press,46,12,4,2024-12-22,4.0,6.4,True,6,12,2208
Deadlift,97,9,5,2024-12-22,0.0,,True,6,12,4365
Barbell Row,68,9,1,2024-12-22,4.0,8.4,True,6,12,612
Bench Press,55,9,2,2024-12-22,1.0,9.8,True,6,12,990
Bench Press,52,8,2,2024-12-22,4.0,6.3,True,6,12,832
Overhead Press,51,9,1,2024-12-22,0.0,8.1,True,6,12,459
Squat,67,8,4,2024-12-23,3.0,,True,0,12,2144
Deadlift,94,12,2,2024-12-23,2.0,8.3,True,0,12,2256
Barbell Row,67,6,3,2024-12-23,3.0,6.8,True,0,12,1206
Bench Press,53,8,2,2024-12-23,,,False,0,12,848
Bench Press,53,9,4,2024-12-23,4.0,7.7,False,0,12,1908
Barbell Row,66,11,5,2024-12-23,3.0,,True,0,12,3630
Deadlift,91,9,5,2024-12-24,,6.3,True,1,12,4095
Deadlift,93,8,4,2024-12-24,0.0,9.7,True,1,12,2976
Squat,67,12,5,2024-12-24,2.0,7.7,False,1,12,4020
Squat,70,10,1,2024-12-24,4.0,,False,1,12,700
Bench Press,57,3,1,2024-12-24,4.0,,True,1,12,171
Overhead Press,51,5,1,2024-12-24,4.0,9.4,True,1,12,255
Overhead Press,52,4,1,2024-12-24,4.0,,True,1,12,208
Bench Press,54,5,5,2024-12-24,1.0,,True,1,12,1350
Overhead Press,48,5,1,2024-12-25,3.0,6.7,True,2,12,240
Barbell Row,70,7,4,2024-12-25,0.0,,True,2,12,1960
Deadlift,95,8,2,2024-12-25,4.0,7.8,True,2,12,1520
Overhead Press,49,10,1,2024-12-25,4.0,7.6,True,2,12,490
Barbell Row,65,6,4,2024-12-25,2.0,,True,2,12,1560
Bench Press,53,7,5,2024-12-26,,,True,3,12,1855
Overhead Press,51,8,4,2024-12-26,3.0,,True,3,12,1632
Squat,69,7,1,2024-12-26,4.0,,True,3,12,483
Squat,70,7,5,2024-12-26,0.0,9.7,True,3,12,2450
Deadlift,94,12,4,2024-12-26,0.0,9.8,True,3,12,4512
Deadlift,96,9,4,2024-12-27,3.0,,True,4,12,3456
Squat,72,4,1,2024-12-27,,,True,4,12,288
Bench Press,56,10,2,2024-12-27,1.0,9.9,True,4,12,1120
Bench Press,52,11,1,2024-12-27,3.0,,True,4,12,572
Overhead Press,52,6,4,2024-12-27,3.0,,True,4,12,1248
Overhead Press,53,7,2,2024-12-27,,8.2,True,4,12,742
Squat,74,11,2,2024-12-28,0.0,,True,5,12,1628
Bench Press,56,10,1,2024-12-28,,,True,5,12,560
Overhead Press,54,7,2,2024-12-28,,,True,5,12,756
Deadlift,96,7,1,2024-12-28,4.0,,True,5,12,672
Deadlift,95,9,3,2024-12-29,3.0,7.9,True,6,12,2565
Deadlift,98,8,2,2024-12-29,3.0,7.9,True,6,12,1568
Bench Press,58,4,2,2024-12-29,2.0,,False,6,12,464
Overhead Press,52,8,5,2024-12-29,1.0,7.1,True,6,12,2080
Overhead Press,50,11,1,2024-12-29,2.0,8.3,True,6,12,550
Squat,76,4,4,2024-12-29,3.0,6.4,True,6,12,1216
Barbell Row,68,8,2,2024-12-29,2.0,8.6,True,6,12,1088
Overhead Press,58,8,3,2024-12-30,,,True,0,12,1392
Bench Press,60,10,2,2024-12-30,0.0,7.5,True,0,12,1200
Deadlift,97,9,2,2024-12-30,1.0,,True,0,12,1746
Overhead Press,53,7,2,2024-12-30,0.0,,True,0,12,742
Squat,79,10,2,2024-12-30,3.0,8.0,True,0,12,1580
Bench Press,58,3,1,2024-12-30,2.0,,True,0,12,174
Barbell Row,72,9,5,2024-12-30,0.0,9.0,True,0,12,3240
Deadlift,94,7,4,2024-12-31,4.0,8.5,True,1,12,2632
Bench Press,58,5,2,2024-12-31,3.0,,True,1,12,580
Bench Press,62,6,5,2024-12-31,0.0,,True,1,12,1860
Barbell Row,72,3,4,2025-01-01,1.0,9.5,True,2,1,864
Barbell Row,76,8,5,2025-01-01,1.0,7.0,True,2,1,3040
Deadlift,98,7,3,2025-01-01,4.0,8.7,False,2,1,2058
Deadlift,95,12,5,2025-01-01,0.0,8.5,True,2,1,5700
Squat,72,5,1,2025-01-01,0.0,,True,2,1,360
Overhead Press,57,11,5,2025-01-01,2.0,,True,2,1,3135
Deadlift,95,5,4,2025-01-02,2.0,,True,3,1,1900
Deadlift,98,11,3,2025-01-02,0.0,8.5,True,3,1,3234
Overhead Press,57,9,2,2025-01-02,3.0,6.1,True,3,1,1026
Bench Press,59,10,1,2025-01-02,3.0,9.4,True,3,1,590
Bench Press,58,8,3,2025-01-03,3.0,,True,4,1,1392
Bench Press,59,9,5,2025-01-03,2.0,8.4,True,4,1,2655
Deadlift,103,10,1,2025-01-03,0.0,9.2,True,4,1,1030
Squat,74,5,1,2025-01-03,0.0,,False,4,1,370
Squat,73,4,5,2025-01-03,0.0,7.7,True,4,1,1460
Barbell Row,74,5,4,2025-01-03,3.0,6.8,True,4,1,1480
Overhead Press,55,7,1,2025-01-03,2.0,,True,4,1,385
Barbell Row,75,3,3,2025-01-03,0.0,,True,4,1,675
Barbell Row,69,12,5,2025-01-04,,7.4,True,5,1,4140
Overhead Press,57,12,2,2025-01-04,4.0,,True,5,1,1368
Overhead Press,57,10,3,2025-01-04,,,True,5,1,1710
Squat,76,6,1,2025-01-04,,8.7,True,5,1,456
Barbell Row,72,10,3,2025-01-04,2.0,,True,5,1,2160
Barbell Row,72,7,2,2025-01-05,1.0,9.7,True,6,1,1008
Deadlift,101,6,3,2025-01-05,3.0,,True,6,1,1818
Bench Press,57,3,4,2025-01-05,0.0,8.7,True,6,1,684
Bench Press,63,7,4,2025-01-05,4.0,6.5,True,6,1,1764
Overhead Press,58,7,3,2025-01-05,0.0,,True,6,1,1218
Overhead Press,60,5,5,2025-01-05,,7.4,False,6,1,1500
Squat,75,5,2,2025-01-05,0.0,9.2,True,6,1,750
Barbell Row,78,5,3,2025-01-06,0.0,7.0,False,0,1,1170
Barbell Row,74,9,4,2025-01-06,,9.0,True,0,1,2664
Squat,74,6,1,2025-01-06,,6.2,False,0,1,444
Deadlift,96,6,4,2025-01-06,0.0,8.5,True,0,1,2304
Bench Press,65,12,4,2025-01-06,2.0,,True,0,1,3120
Overhead Press,58,12,2,2025-01-06,3.0,9.7,False,0,1,1392
Overhead Press,62,10,3,2025-01-07,1.0,9.9,True,1,1,1860
Overhead Press,62,11,4,2025-01-07,,,True,1,1,2728
Squat,72,9,5,2025-01-07,2.0,7.0,False,1,1,3240
Deadlift,108,10,1,2025-01-07,1.0,7.4,True,1,1,1080
Squat,74,5,1,2025-01-07,2.0,,True,1,1,370
Bench Press,63,9,4,2025-01-08,,6.9,True,2,1,2268
Overhead Press,62,7,1,2025-01-08,3.0,,False,2,1,434
Deadlift,103,4,4,2025-01-08,,,False,2,1,1648
Overhead Press,63,7,4,2025-01-08,0.0,7.0,True,2,1,1764
Bench Press,65,4,5,2025-01-08,1.0,,True,2,1,1300
Squat,71,3,3,2025-01-08,3.0,,True,2,1,639
Squat,77,4,2,2025-01-09,0.0,6.4,True,3,1,616
Overhead Press,65,3,5,2025-01-09,1.0,6.5,True,3,1,975
Overhead Press,65,4,3,2025-01-09,2.0,,True,3,1,780
Deadlift,107,6,5,2025-01-09,2.0,6.7,True,3,1,3210
Deadlift,99,12,1,2025-01-09,0.0,,True,3,1,1188
Bench Press,59,6,3,2025-01-09,2.0,,True,3,1,1062
Squat,81,6,1,2025-01-09,0.0,9.6,True,3,1,486
Squat,78,9,5,2025-01-10,0.0,7.5,True,4,1,3510
Deadlift,100,10,1,2025-01-10,,9.5,True,4,1,1000
Overhead Press,62,10,2,2025-01-10,1.0,,True,4,1,1240
Barbell Row,76,6,4,2025-01-10,3.0,,False,4,1,1824
Squat,75,6,4,2025-01-10,4.0,9.9,True,4,1,1800
Deadlift,107,11,1,2025-01-11,1.0,9.5,True,5,1,1177
Deadlift,110,6,2,2025-01-11,2.0,8.3,True,5,1,1320
Barbell Row,72,9,5,2025-01-11,,,False,5,1,3240
Squat,80,6,4,2025-01-11,0.0,7.8,False,5,1,1920
Overhead Press,64,12,2,2025-01-12,0.0,,True,6,1,1536
Deadlift,110,6,2,2025-01-12,,,False,6,1,1320
Deadlift,112,5,1,2025-01-12,4.0,,False,6,1,560
Overhead Press,62,6,4,2025-01-12,,9.9,False,6,1,1488
Barbell Row,79,6,3,2025-01-12,1.0,6.9,False,6,1,1422
Squat,78,10,2,2025-01-12,3.0,9.8,True,6,1,1560
Squat,79,11,3,2025-01-13,1.0,,True,0,1,2607
Deadlift,108,7,4,2025-01-13,2.0,,True,0,1,3024
Overhead Press,62,8,3,2025-01-13,2.0,,True,0,1,1488
Overhead Press,63,8,3,2025-01-13,3.0,6.3,True,0,1,1512
Barbell Row,78,9,4,2025-01-13,,7.9,True,0,1,2808
Deadlift,111,9,3,2025-01-14,,,False,1,1,2997
Overhead Press,66,7,5,2025-01-14,2.0,9.4,True,1,1,2310
Barbell Row,80,4,1,2025-01-14,0.0,6.7,True,1,1,320
Barbell Row,77,9,2,2025-01-14,2.0,7.4,True,1,1,1386
Barbell Row,83,10,1,2025-01-15,4.0,,True,2,1,830
Deadlift,112,11,3,2025-01-15,2.0,,True,2,1,3696
Bench Press,63,9,5,2025-01-15,3.0,6.5,True,2,1,2835
Bench Press,59,5,1,2025-01-15,,6.5,True,2,1,295
Squat,84,10,2,2025-01-15,4.0,9.4,True,2,1,1680
Overhead Press,63,9,4,2025-01-16,0.0,8.6,True,3,1,2268
Overhead Press,60,6,2,2025-01-16,2.0,8.4,False,3,1,720
Deadlift,105,11,1,2025-01-16,1.0,6.4,True,3,1,1155
Bench Press,62,9,4,2025-01-16,1.0,,True,3,1,2232
Barbell Row,76,4,2,2025-01-16,,7.6,False,3,1,608
Deadlift,114,5,5,2025-01-17,,9.7,False,4,1,2850
Deadlift,114,7,5,2025-01-17,,,True,4,1,3990
Squat,82,4,1,2025-01-17,1.0,8.6,True,4,1,328
Barbell Row,77,11,4,2025-01-17,,7.8,True,4,1,3388
Barbell Row,80,9,4,2025-01-18,4.0,,True,5,1,2880
Squat,81,5,1,2025-01-18,0.0,,True,5,1,405
Bench Press,65,3,3,2025-01-18,2.0,6.3,True,5,1,585
Deadlift,121,4,4,2025-01-18,4.0,7.9,True,5,1,1936
Deadlift,109,4,5,2025-01-18,3.0,8.0,True,5,1,2180
Overhead Press,65,4,5,2025-01-18,1.0,,True,5,1,1300
Squat,80,11,2,2025-01-18,0.0,9.4,True,5,1,1760
Bench Press,65,8,4,2025-01-19,2.0,7.3,True,6,1,2080
Deadlift,111,9,2,2025-01-19,,6.4,False,6,1,1998
Squat,82,5,4,2025-01-19,4.0,,True,6,1,1640
Barbell Row,82,7,1,2025-01-19,2.0,7.2,False,6,1,574
Bench Press,61,4,2,2025-01-19,1.0,6.1,False,6,1,488
Squat,80,5,4,2025-01-19,2.0,9.2,True,6,1,1600
Overhead Press,65,8,5,2025-01-19,3.0,8.2,True,6,1,2600
Deadlift,113,12,4,2025-01-20,,,True,0,1,5424
Squat,85,5,4,2025-01-20,3.0,6.9,True,0,1,1700
Overhead Press,61,3,2,2025-01-20,0.0,,True,0,1,366
Deadlift,111,11,4,2025-01-20,1.0,9.5,True,0,1,4884
Bench Press,63,11,1,2025-01-20,3.0,6.6,True,0,1,693
Barbell Row,84,10,2,2025-01-20,1.0,9.0,False,0,1,1680
Deadlift,117,7,1,2025-01-21,,,True,1,1,819
Bench Press,63,10,2,2025-01-21,3.0,7.6,True,1,1,1260
Squat,78,4,2,2025-01-21,4.0,6.9,False,1,1,624
Overhead Press,62,8,3,2025-01-21,,8.4,False,1,1,1488
Overhead Press,61,7,4,2025-01-21,3.0,7.9,True,1,1,1708
Deadlift,119,7,4,2025-01-21,3.0,9.7,True,1,1,3332
Deadlift,118,6,2,2025-01-22,1.0,6.9,True,2,1,1416
Barbell Row,81,12,1,2025-01-22,2.0,7.6,True,2,1,972
Overhead Press,62,7,2,2025-01-22,3.0,9.6,True,2,1,868
Squat,82,8,1,2025-01-22,1.0,,True,2,1,656
Deadlift,116,11,2,2025-01-23,,7.4,True,3,1,2552
Bench Press,65,9,4,2025-01-23,4.0,9.3,True,3,1,2340
Barbell Row,84,5,2,2025-01-23,0.0,6.8,True,3,1,840
Squat,88,9,3,2025-01-23,4.0,7.8,True,3,1,2376
Squat,87,8,3,2025-01-23,4.0,,True,3,1,2088
Overhead Press,65,11,5,2025-01-24,,7.4,False,4,1,3575
Squat,90,4,5,2025-01-24,3.0,,True,4,1,1800
Barbell Row,80,10,2,2025-01-24,,,False,4,1,1600
Barbell Row,82,6,2,2025-01-24,,,True,4,1,984
Bench Press,67,7,4,2025-01-24,,,False,4,1,1876
Bench Press,65,5,5,2025-01-24,,8.6,True,4,1,1625
Squat,85,5,1,2025-01-24,1.0,,True,4,1,425
Deadlift,123,10,3,2025-01-24,3.0,6.7,True,4,1,3690
Overhead Press,67,4,3,2025-01-25,3.0,8.1,False,5,1,804
Squat,89,10,3,2025-01-25,4.0,,True,5,1,2670
Deadlift,121,7,1,2025-01-25,1.0,8.3,False,5,1,847
Bench Press,71,5,1,2025-01-25,0.0,7.6,False,5,1,355
Bench Press,63,11,2,2025-01-25,1.0,6.2,True,5,1,1386
Deadlift,114,3,2,2025-01-25,2.0,9.9,True,5,1,684
Overhead Press,63,5,2,2025-01-25,2.0,8.5,True,5,1,630
Barbell Row,83,4,5,2025-01-25,4.0,,False,5,1,1660
Barbell Row,86,8,4,2025-01-25,4.0,,False,5,1,2752
Squat,90,7,5,2025-01-26,3.0,8.3,False,6,1,3150
Overhead Press,62,6,2,2025-01-26,1.0,6.6,False,6,1,744
Bench Press,69,10,4,2025-01-26,,,True,6,1,2760
Barbell Row,86,10,1,2025-01-26,2.0,9.0,False,6,1,860
Overhead Press,68,10,1,2025-01-27,,9.2,True,0,1,680
Overhead Press,63,3,5,2025-01-27,1.0,6.1,True,0,1,945
Barbell Row,89,4,5,2025-01-27,,8.5,True,0,1,1780
Bench Press,64,4,2,2025-01-28,0.0,7.7,True,1,1,512
Squat,84,4,1,2025-01-28,4.0,6.8,True,1,1,336
Deadlift,115,5,5,2025-01-28,3.0,7.7,True,1,1,2875
Deadlift,120,6,3,2025-01-28,3.0,8.7,True,1,1,2160
Barbell Row,88,7,4,2025-01-28,0.0,8.0,True,1,1,2464
Squat,92,9,2,2025-01-28,2.0,9.3,True,1,1,1656
Overhead Press,70,9,2,2025-01-29,2.0,7.4,False,2,1,1260
Squat,87,8,5,2025-01-29,,6.3,True,2,1,3480
Deadlift,121,9,1,2025-01-29,3.0,7.6,False,2,1,1089
Deadlift,114,9,1,2025-01-29,2.0,7.7,True,2,1,1026
Squat,86,5,5,2025-01-29,,,True,2,1,2150
Barbell Row,83,9,3,2025-01-30,3.0,6.5,True,3,1,2241
Deadlift,115,5,5,2025-01-30,4.0,9.5,False,3,1,2875
Squat,88,6,2,2025-01-30,,8.1,True,3,1,1056
Barbell Row,83,8,2,2025-01-30,1.0,,True,3,1,1328
Squat,93,9,2,2025-01-30,0.0,7.8,True,3,1,1674
Bench Press,68,5,3,2025-01-30,4.0,,False,3,1,1020
Bench Press,70,4,2,2025-01-30,,,True,3,1,560
Barbell Row,85,6,2,2025-01-31,0.0,,True,4,1,1020
Squat,86,11,4,2025-01-31,2.0,,True,4,1,3784
Bench Press,71,8,4,2025-01-31,2.0,,True,4,1,2272
Overhead Press,67,4,5,2025-01-31,,,True,4,1,1340
Bench Press,69,4,4,2025-02-01,3.0,7.8,True,5,2,1104
Deadlift,125,12,3,2025-02-01,0.0,,False,5,2,4500
Deadlift,131,7,4,2025-02-01,3.0,8.4,True,5,2,3668
Barbell Row,77,12,1,2025-02-01,1.0,,True,5,2,924
Overhead Press,72,5,4,2025-02-01,4.0,7.3,True,5,2,1440
Overhead Press,69,7,4,2025-02-02,4.0,6.5,False,6,2,1932
Squat,88,11,1,2025-02-02,4.0,8.6,True,6,2,968
Barbell Row,79,10,4,2025-02-02,2.0,,True,6,2,3160
Bench Press,67,8,2,2025-02-02,1.0,7.8,True,6,2,1072
Barbell Row,79,7,5,2025-02-02,4.0,8.4,True,6,2,2765
Deadlift,121,8,4,2025-02-02,4.0,7.1,True,6,2,3872
Squat,89,8,1,2025-02-03,,,True,0,2,712
Deadlift,129,6,4,2025-02-03,3.0,,True,0,2,3096
Deadlift,130,9,2,2025-02-03,1.0,8.7,True,0,2,2340
Barbell Row,89,4,5,2025-02-03,2.0,6.5,True,0,2,1780
Overhead Press,72,5,2,2025-02-03,3.0,7.9,False,0,2,720
Bench Press,75,10,3,2025-02-03,1.0,9.6,True,0,2,2250
Overhead Press,72,7,2,2025-02-03,4.0,9.5,True,0,2,1008
Bench Press,70,7,1,2025-02-04,0.0,7.9,True,1,2,490
Bench Press,72,6,5,2025-02-04,1.0,,True,1,2,2160
Squat,97,3,3,2025-02-04,0.0,,True,1,2,873
Barbell Row,81,3,1,2025-02-04,1.0,7.2,True,1,2,243
Deadlift,130,8,5,2025-02-04,,,True,1,2,5200
Deadlift,130,8,5,2025-02-05,,,False,2,2,5200
Barbell Row,83,5,5,2025-02-05,4.0,9.2,True,2,2,2075
Deadlift,128,5,4,2025-02-05,4.0,,True,2,2,2560
Bench Press,71,10,3,2025-02-05,,,True,2,2,2130
Squat,91,6,3,2025-02-05,,,False,2,2,1638
Overhead Press,70,7,1,2025-02-05,,7.3,True,2,2,490
Deadlift,133,4,3,2025-02-06,1.0,6.3,False,3,2,1596
Bench Press,74,9,2,2025-02-06,1.0,8.7,False,3,2,1332
Bench Press,76,4,4,2025-02-06,1.0,8.6,False,3,2,1216
Squat,95,12,5,2025-02-06,1.0,,True,3,2,5700
Barbell Row,86,9,1,2025-02-07,4.0,7.9,False,4,2,774
Overhead Press,71,3,3,2025-02-07,0.0,8.0,True,4,2,639
Overhead Press,70,6,3,2025-02-07,,8.0,False,4,2,1260
Squat,100,5,2,2025-02-07,3.0,8.8,False,4,2,1000
Deadlift,129,5,2,2025-02-07,1.0,10.0,True,4,2,1290
Squat,95,4,4,2025-02-08,4.0,,True,5,2,1520
Barbell Row,86,3,5,2025-02-08,,7.8,False,5,2,1290
Deadlift,128,5,4,2025-02-08,4.0,8.9,True,5,2,2560
Bench Press,73,6,4,2025-02-08,4.0,6.9,True,5,2,1752
Overhead Press,72,7,3,2025-02-08,,6.6,True,5,2,1512
Bench Press,75,7,1,2025-02-09,2.0,9.6,True,6,2,525
Deadlift,127,11,3,2025-02-09,3.0,6.1,True,6,2,4191
Barbell Row,90,9,4,2025-02-09,3.0,9.4,False,6,2,3240
Squat,97,7,2,2025-02-09,1.0,,False,6,2,1358
Bench Press,70,9,5,2025-02-09,,8.1,True,6,2,3150
Deadlift,125,8,3,2025-02-10,0.0,,True,0,2,3000
Squat,96,4,5,2025-02-10,1.0,8.9,True,0,2,1920
Overhead Press,73,5,2,2025-02-10,4.0,,False,0,2,730
Bench Press,78,9,5,2025-02-10,,6.2,True,0,2,3510
Barbell Row,91,7,4,2025-02-10,0.0,,True,0,2,2548
Overhead Press,76,9,5,2025-02-10,1.0,7.3,True,0,2,3420
Bench Press,75,9,2,2025-02-10,2.0,,True,0,2,1350
Barbell Row,86,7,3,2025-02-11,,6.4,True,1,2,1806
Bench Press,72,5,1,2025-02-11,4.0,7.2,True,1,2,360
Squat,96,7,4,2025-02-11,0.0,,True,1,2,2688
Deadlift,132,3,5,2025-02-11,0.0,6.2,False,1,2,1980
Deadlift,125,6,3,2025-02-12,1.0,,False,2,2,2250
Deadlift,122,6,5,2025-02-12,1.0,,True,2,2,3660
Barbell Row,92,8,1,2025-02-12,2.0,7.3,False,2,2,736
Barbell Row,90,10,5,2025-02-12,3.0,,True,2,2,4500
Bench Press,79,9,1,2025-02-12,0.0,,False,2,2,711
Overhead Press,70,9,1,2025-02-12,,,True,2,2,630
Deadlift,125,6,5,2025-02-13,2.0,,False,3,2,3750
Bench Press,76,5,4,2025-02-13,,,True,3,2,1520
Bench Press,75,9,2,2025-02-13,4.0,,True,3,2,1350
Barbell Row,85,8,1,2025-02-13,0.0,6.8,True,3,2,680
Overhead Press,75,4,5,2025-02-13,2.0,,False,3,2,1500
Deadlift,128,9,1,2025-02-14,,7.1,True,4,2,1152
Deadlift,128,10,5,2025-02-14,4.0,6.0,True,4,2,6400
Barbell Row,90,10,4,2025-02-14,3.0,8.4,True,4,2,3600
Overhead Press,74,12,2,2025-02-14,3.0,,True,4,2,1776
Overhead Press,72,4,3,2025-02-14,3.0,8.5,False,4,2,864
Squat,95,4,3,2025-02-14,3.0,,True,4,2,1140
Bench Press,78,3,5,2025-02-14,4.0,8.7,True,4,2,1170
Bench Press,75,11,1,2025-02-14,0.0,6.5,True,4,2,825
Deadlift,134,6,1,2025-02-15,1.0,9.8,True,5,2,804
Deadlift,138,4,5,2025-02-15,2.0,,True,5,2,2760
Squat,93,5,1,2025-02-15,,7.0,True,5,2,465
Overhead Press,76,5,3,2025-02-15,0.0,9.5,True,5,2,1140
Squat,101,11,4,2025-02-15,3.0,7.5,True,5,2,4444
Bench Press,78,7,1,2025-02-15,2.0,,True,5,2,546
Barbell Row,90,9,2,2025-02-16,,9.6,False,6,2,1620
Deadlift,129,9,5,2025-02-16,3.0,,True,6,2,5805
Squat,95,8,4,2025-02-16,2.0,7.5,True,6,2,3040
Overhead Press,71,9,4,2025-02-16,2.0,,True,6,2,2556
Squat,91,10,3,2025-02-17,,,False,0,2,2730
Bench Press,77,4,2,2025-02-17,,,True,0,2,616
Overhead Press,75,6,5,2025-02-17,,,True,0,2,2250
Overhead Press,80,6,2,2025-02-17,2.0,9.2,False,0,2,960
Barbell Row,91,3,5,2025-02-17,0.0,7.3,False,0,2,1365
Deadlift,141,8,1,2025-02-17,2.0,7.3,True,0,2,1128
Deadlift,133,3,5,2025-02-17,4.0,,True,0,2,1995
Overhead Press,79,10,4,2025-02-18,1.0,6.1,True,1,2,3160
Barbell Row,88,9,5,2025-02-18,,7.9,True,1,2,3960
Deadlift,131,4,3,2025-02-18,3.0,6.5,True,1,2,1572
Barbell Row,88,3,1,2025-02-19,0.0,6.8,True,2,2,264
Squat,93,7,5,2025-02-19,1.0,,True,2,2,3255
Bench Press,81,11,5,2025-02-20,3.0,9.0,True,3,2,4455
Bench Press,79,12,3,2025-02-20,4.0,,True,3,2,2844
Deadlift,133,9,4,2025-02-20,4.0,,True,3,2,4788
Bench Press,85,3,5,2025-02-21,3.0,6.8,True,4,2,1275
Bench Press,79,8,5,2025-02-21,4.0,,True,4,2,3160
Overhead Press,76,6,1,2025-02-21,1.0,8.7,True,4,2,456
Overhead Press,75,9,4,2025-02-21,0.0,6.6,True,4,2,2700
Squat,94,7,3,2025-02-21,0.0,7.3,True,4,2,1974
Barbell Row,89,3,5,2025-02-22,4.0,,True,5,2,1335
Squat,99,8,3,2025-02-22,0.0,,True,5,2,2376
Bench Press,84,9,1,2025-02-22,1.0,6.3,True,5,2,756
Overhead Press,77,7,1,2025-02-22,3.0,7.6,True,5,2,539
Squat,93,12,5,2025-02-22,0.0,,False,5,2,5580
Overhead Press,79,12,3,2025-02-23,3.0,,True,6,2,2844
Bench Press,84,11,5,2025-02-23,0.0,6.0,False,6,2,4620
Overhead Press,82,4,4,2025-02-23,1.0,7.9,True,6,2,1312
Barbell Row,87,4,5,2025-02-23,1.0,,True,6,2,1740
Squat,98,11,5,2025-02-23,3.0,9.9,False,6,2,5390
Deadlift,130,4,2,2025-02-23,0.0,9.9,False,6,2,1040
Squat,101,5,1,2025-02-24,4.0,,True,0,2,505
Bench Press,83,11,2,2025-02-24,4.0,,True,0,2,1826
Deadlift,137,4,1,2025-02-24,0.0,,True,0,2,548
Overhead Press,77,11,2,2025-02-24,0.0,8.2,True,0,2,1694
Overhead Press,81,10,4,2025-02-24,3.0,8.4,True,0,2,3240
Barbell Row,97,4,2,2025-02-24,2.0,,False,0,2,776
Barbell Row,96,11,4,2025-02-25,,6.4,True,1,2,4224
Overhead Press,84,10,1,2025-02-25,1.0,,True,1,2,840
Overhead Press,83,12,3,2025-02-25,4.0,,False,1,2,2988
Squat,99,10,3,2025-02-25,,8.7,True,1,2,2970
Bench Press,81,4,2,2025-02-25,,,True,1,2,648
Barbell Row,96,3,3,2025-02-25,3.0,7.5,False,1,2,864
Overhead Press,80,5,1,2025-02-26,0.0,,False,2,2,400
Overhead Press,81,12,2,2025-02-26,,7.1,True,2,2,1944
Bench Press,87,4,3,2025-02-26,2.0,,True,2,2,1044
Squat,99,8,3,2025-02-26,,,True,2,2,2376
Barbell Row,95,5,2,2025-02-26,4.0,,False,2,2,950
Barbell Row,94,8,1,2025-02-26,2.0,7.2,False,2,2,752
Deadlift,132,5,5,2025-02-26,4.0,,False,2,2,3300
Squat,103,11,3,2025-02-26,2.0,8.0,True,2,2,3399
Squat,107,9,4,2025-02-27,2.0,7.4,True,3,2,3852
Deadlift,139,8,4,2025-02-27,2.0,7.1,True,3,2,4448
Deadlift,136,11,1,2025-02-27,1.0,6.7,True,3,2,1496
Barbell Row,97,8,4,2025-02-28,2.0,8.9,True,4,2,3104
Deadlift,133,10,3,2025-02-28,2.0,8.7,True,4,2,3990
Overhead Press,76,4,5,2025-02-28,3.0,9.6,True,4,2,1520
Bench Press,84,7,5,2025-02-28,1.0,8.7,False,4,2,2940
Bench Press,91,8,3,2025-02-28,3.0,6.0,True,4,2,2184
Squat,102,11,4,2025-02-28,4.0,,True,4,2,4488
Squat,98,12,1,2025-03-01,2.0,,True,5,3,1176
Squat,103,6,3,2025-03-01,4.0,,False,5,3,1854
Squat,107,4,4,2025-03-02,0.0,,True,6,3,1712
Bench Press,91,4,4,2025-03-02,4.0,8.6,True,6,3,1456
Bench Press,85,9,5,2025-03-02,2.0,,False,6,3,3825
Barbell Row,99,12,4,2025-03-02,0.0,,True,6,3,4752
Deadlift,132,11,4,2025-03-02,3.0,7.8,True,6,3,5808
Squat,106,7,3,2025-03-02,2.0,,True,6,3,2226
Deadlift,141,9,1,2025-03-02,,6.2,True,6,3,1269
Overhead Press,76,10,4,2025-03-03,2.0,,True,0,3,3040
Bench Press,91,3,5,2025-03-03,1.0,7.4,True,0,3,1365
Barbell Row,99,11,5,2025-03-03,2.0,,True,0,3,5445
Deadlift,131,4,3,2025-03-03,4.0,7.0,True,0,3,1572
Bench Press,90,3,4,2025-03-03,,8.8,True,0,3,1080
Overhead Press,79,11,4,2025-03-04,1.0,8.9,False,1,3,3476
Squat,104,5,1,2025-03-04,0.0,6.1,True,1,3,520
Barbell Row,99,3,3,2025-03-04,4.0,7.7,True,1,3,891
Squat,105,10,3,2025-03-04,1.0,7.4,True,1,3,3150
Barbell Row,100,8,5,2025-03-04,4.0,,True,1,3,4000
Deadlift,135,10,1,2025-03-04,0.0,,True,1,3,1350
Barbell Row,102,9,2,2025-03-05,1.0,,True,2,3,1836
Squat,110,7,3,2025-03-05,1.0,,True,2,3,2310
Squat,102,10,4,2025-03-05,,,False,2,3,4080
Overhead Press,80,9,1,2025-03-05,,6.0,False,2,3,720
Bench Press,89,7,1,2025-03-05,0.0,6.0,False,2,3,623
Barbell Row,98,12,2,2025-03-05,4.0,8.4,True,2,3,2352
Squat,111,7,2,2025-03-06,2.0,7.6,True,3,3,1554
Barbell Row,96,6,4,2025-03-06,1.0,,True,3,3,2304
Overhead Press,84,12,4,2025-03-06,1.0,7.8,True,3,3,4032
Bench Press,93,7,1,2025-03-06,3.0,7.2,True,3,3,651
Overhead Press,85,6,1,2025-03-07,3.0,,True,4,3,510
Overhead Press,82,11,3,2025-03-07,2.0,8.7,False,4,3,2706
Bench Press,97,7,2,2025-03-07,2.0,7.8,True,4,3,1358
Deadlift,137,5,1,2025-03-07,3.0,9.4,True,4,3,685
Barbell Row,99,3,4,2025-03-08,4.0,,True,5,3,1188
Overhead Press,85,7,4,2025-03-08,3.0,7.5,False,5,3,2380
Barbell Row,94,5,5,2025-03-08,1.0,,True,5,3,2350
Deadlift,141,8,1,2025-03-08,1.0,9.9,False,5,3,1128
Bench Press,89,10,4,2025-03-08,2.0,,True,5,3,3560
Squat,109,10,2,2025-03-08,,9.5,True,5,3,2180
Overhead Press,92,12,3,2025-03-09,0.0,,False,6,3,3312
Deadlift,146,10,5,2025-03-09,,8.7,True,6,3,7300
Squat,103,10,2,2025-03-09,4.0,6.0,False,6,3,2060
Barbell Row,103,5,5,2025-03-09,1.0,7.1,True,6,3,2575
Deadlift,145,7,3,2025-03-09,1.0,7.2,True,6,3,3045
Bench Press,91,10,4,2025-03-10,,7.1,True,0,3,3640
Deadlift,146,12,2,2025-03-10,0.0,,False,0,3,3504
Overhead Press,90,7,5,2025-03-10,4.0,,True,0,3,3150
Barbell Row,102,4,4,2025-03-10,2.0,,True,0,3,1632
Barbell Row,104,11,3,2025-03-10,,,False,0,3,3432
Overhead Press,89,10,5,2025-03-11,1.0,7.7,False,1,3,4450
Squat,108,8,2,2025-03-11,2.0,9.0,True,1,3,1728
Bench Press,93,3,2,2025-03-11,4.0,7.2,True,1,3,558
Squat,110,11,4,2025-03-11,4.0,,True,1,3,4840
Deadlift,144,5,3,2025-03-11,3.0,6.2,True,1,3,2160
Barbell Row,98,9,2,2025-03-11,2.0,6.2,True,1,3,1764
Overhead Press,99,5,4,2025-03-12,2.0,6.4,False,2,3,1980
Overhead Press,90,6,5,2025-03-12,0.0,9.9,False,2,3,2700
Bench Press,97,11,2,2025-03-12,2.0,,True,2,3,2134
Barbell Row,96,10,1,2025-03-12,,,True,2,3,960
Overhead Press,93,11,2,2025-03-13,1.0,8.7,False,3,3,2046
Deadlift,149,7,2,2025-03-13,2.0,8.0,True,3,3,2086
Overhead Press,93,7,2,2025-03-13,0.0,,False,3,3,1302
Barbell Row,94,3,3,2025-03-13,1.0,,False,3,3,846
Barbell Row,100,3,1,2025-03-13,1.0,8.7,True,3,3,300
Squat,105,4,2,2025-03-13,2.0,,True,3,3,840
Bench Press,99,4,2,2025-03-13,3.0,,False,3,3,792
Deadlift,140,9,5,2025-03-13,0.0,,True,3,3,6300
Squat,111,12,3,2025-03-14,1.0,,False,4,3,3996
Barbell Row,96,12,1,2025-03-14,4.0,8.1,True,4,3,1152
Squat,108,3,1,2025-03-14,4.0,8.5,True,4,3,324
Bench Press,97,5,1,2025-03-14,2.0,9.9,False,4,3,485
Deadlift,141,11,4,2025-03-15,1.0,9.5,True,5,3,6204
Barbell Row,98,5,1,2025-03-15,,7.6,True,5,3,490
Squat,114,5,1,2025-03-15,,,False,5,3,570
Deadlift,139,9,1,2025-03-15,1.0,,False,5,3,1251
Overhead Press,94,11,5,2025-03-15,0.0,7.8,True,5,3,5170
Overhead Press,94,9,2,2025-03-15,2.0,,False,5,3,1692
Bench Press,101,9,5,2025-03-15,,,False,5,3,4545
Deadlift,147,7,3,2025-03-16,3.0,,False,6,3,3087
Bench Press,105,10,1,2025-03-16,0.0,7.6,False,6,3,1050
Barbell Row,102,10,2,2025-03-17,,,False,0,3,2040
Bench Press,100,6,1,2025-03-17,1.0,8.8,True,0,3,600
Squat,115,6,5,2025-03-17,1.0,7.9,False,0,3,3450
Overhead Press,89,10,4,2025-03-17,,8.1,True,0,3,3560
Deadlift,152,12,5,2025-03-17,3.0,,True,0,3,9120
Bench Press,107,4,5,2025-03-18,,,True,1,3,2140
Squat,111,3,2,2025-03-18,2.0,7.6,True,1,3,666
Bench Press,100,10,2,2025-03-18,0.0,,True,1,3,2000
Deadlift,153,6,2,2025-03-18,4.0,6.9,False,1,3,1836
Barbell Row,98,12,2,2025-03-18,0.0,,True,1,3,2352
Overhead Press,90,6,3,2025-03-18,4.0,6.1,True,1,3,1620
Overhead Press,98,9,1,2025-03-18,,9.8,False,1,3,882
Barbell Row,99,8,4,2025-03-19,,8.6,False,2,3,3168
Bench Press,104,6,5,2025-03-19,3.0,9.5,True,2,3,3120
Squat,113,12,1,2025-03-19,,7.9,False,2,3,1356
Overhead Press,91,10,2,2025-03-19,3.0,7.7,True,2,3,1820
Bench Press,107,10,5,2025-03-20,3.0,,False,3,3,5350
Deadlift,149,9,1,2025-03-20,4.0,,False,3,3,1341
Overhead Press,99,9,4,2025-03-20,,6.1,True,3,3,3564
Deadlift,158,10,2,2025-03-20,3.0,,True,3,3,3160
Squat,110,5,3,2025-03-20,,7.9,False,3,3,1650
Squat,112,4,2,2025-03-20,0.0,6.7,True,3,3,896
Deadlift,149,4,5,2025-03-21,,,False,4,3,2980
Barbell Row,99,4,3,2025-03-21,0.0,,True,4,3,1188
Squat,116,10,4,2025-03-21,,7.4,False,4,3,4640
Barbell Row,98,8,5,2025-03-21,,,True,4,3,3920
Bench Press,108,9,3,2025-03-21,,,False,4,3,2916
Bench Press,105,4,2,2025-03-21,3.0,6.6,False,4,3,840
Squat,108,6,4,2025-03-21,4.0,9.7,True,4,3,2592
Barbell Row,102,6,3,2025-03-22,4.0,,True,5,3,1836
Deadlift,150,7,4,2025-03-22,1.0,8.3,True,5,3,4200
Squat,117,7,1,2025-03-22,4.0,9.0,True,5,3,819
Squat,109,10,2,2025-03-23,4.0,8.9,True,6,3,2180
Bench Press,104,11,5,2025-03-23,0.0,6.3,False,6,3,5720
Barbell Row,103,7,3,2025-03-24,0.0,6.1,False,0,3,2163
Bench Press,109,10,5,2025-03-24,4.0,,True,0,3,5450
Overhead Press,100,8,5,2025-03-24,,6.4,True,0,3,4000
Bench Press,105,12,1,2025-03-24,,,False,0,3,1260
Deadlift,147,8,3,2025-03-24,0.0,8.7,False,0,3,3528
Overhead Press,94,5,2,2025-03-25,0.0,7.4,False,1,3,940
Squat,116,4,2,2025-03-25,,8.4,True,1,3,928
Deadlift,154,6,5,2025-03-25,,8.8,True,1,3,4620
Barbell Row,104,9,4,2025-03-25,0.0,,False,1,3,3744
Barbell Row,99,5,1,2025-03-25,,,False,1,3,495
Bench Press,105,4,5,2025-03-25,4.0,,False,1,3,2100
Bench Press,108,12,1,2025-03-25,3.0,,True,1,3,1296
Overhead Press,96,7,3,2025-03-25,2.0,,True,1,3,2016
Deadlift,154,11,4,2025-03-26,4.0,6.1,True,2,3,6776
Deadlift,154,4,1,2025-03-26,0.0,8.7,True,2,3,616
Bench Press,109,5,4,2025-03-26,2.0,,True,2,3,2180
Bench Press,106,3,2,2025-03-26,4.0,6.4,True,2,3,636
Squat,116,11,5,2025-03-26,2.0,,True,2,3,6380
Squat,115,7,5,2025-03-26,,8.4,True,2,3,4025
Overhead Press,100,11,5,2025-03-27,0.0,,True,3,3,5500
Overhead Press,94,10,4,2025-03-27,2.0,,True,3,3,3760
Bench Press,110,12,4,2025-03-27,0.0,6.3,True,3,3,5280
Deadlift,154,3,3,2025-03-27,4.0,10.0,True,3,3,1386
Squat,117,9,1,2025-03-27,3.0,7.6,False,3,3,1053
Deadlift,158,4,5,2025-03-27,,,False,3,3,3160
Deadlift,162,9,4,2025-03-28,1.0,,False,4,3,5832
Barbell Row,102,6,2,2025-03-28,2.0,9.8,True,4,3,1224
Deadlift,168,12,1,2025-03-29,1.0,7.9,False,5,3,2016
Bench Press,103,7,5,2025-03-29,3.0,7.0,True,5,3,3605
Squat,114,6,3,2025-03-29,4.0,,True,5,3,2052
Overhead Press,96,8,2,2025-03-29,1.0,9.9,False,5,3,1536
Overhead Press,101,9,2,2025-03-29,4.0,,True,5,3,1818
Barbell Row,100,9,5,2025-03-29,,9.2,False,5,3,4500
Barbell Row,101,7,1,2025-03-29,1.0,7.4,False,5,3,707
Squat,115,4,5,2025-03-29,0.0,,True,5,3,2300
Bench Press,107,8,1,2025-03-29,2.0,8.5,True,5,3,856
Overhead Press,106,3,1,2025-03-30,0.0,,False,6,3,318
Deadlift,163,12,1,2025-03-30,4.0,9.2,False,6,3,1956
Overhead Press,101,6,4,2025-03-30,3.0,,True,6,3,2424
Squat,125,4,4,2025-03-30,4.0,,True,6,3,2000
Barbell Row,110,3,3,2025-03-30,2.0,9.6,True,6,3,990
Deadlift,164,11,4,2025-03-31,2.0,6.3,True,0,3,7216
Squat,128,12,4,2025-03-31,3.0,7.0,True,0,3,6144
Barbell Row,101,10,1,2025-03-31,0.0,6.8,True,0,3,1010
Bench Press,105,5,1,2025-03-31,,6.0,True,0,3,525
Overhead Press,100,12,5,2025-03-31,0.0,8.7,True,0,3,6000
Overhead Press,103,10,5,2025-03-31,1.0,,True,0,3,5150
Barbell Row,109,4,3,2025-03-31,3.0,7.4,True,0,3,1308
Bench Press,108,4,2,2025-04-01,,6.3,False,1,4,864
Deadlift,162,10,3,2025-04-01,1.0,,False,1,4,4860
Barbell Row,110,5,5,2025-04-01,3.0,9.3,True,1,4,2750
Squat,130,9,3,2025-04-01,,6.7,True,1,4,3510
Barbell Row,101,11,2,2025-04-01,4.0,8.9,False,1,4,2222
Overhead Press,105,8,5,2025-04-01,,,True,1,4,4200
Bench Press,113,10,3,2025-04-01,,9.6,True,1,4,3390
Overhead Press,102,9,1,2025-04-02,0.0,6.3,True,2,4,918
Squat,123,8,1,2025-04-02,3.0,7.8,True,2,4,984
Squat,125,10,4,2025-04-02,3.0,,False,2,4,5000
Overhead Press,105,8,1,2025-04-02,1.0,,True,2,4,840
Bench Press,117,9,3,2025-04-02,,,False,2,4,3159
Deadlift,163,12,3,2025-04-02,2.0,7.2,False,2,4,5868
Barbell Row,104,6,3,2025-04-02,2.0,8.4,False,2,4,1872
Deadlift,157,9,1,2025-04-03,4.0,6.9,False,3,4,1413
Bench Press,116,11,2,2025-04-03,1.0,6.6,False,3,4,2552
Deadlift,153,4,2,2025-04-03,4.0,9.0,True,3,4,1224
Bench Press,112,6,3,2025-04-03,1.0,,True,3,4,2016
Deadlift,157,11,3,2025-04-04,0.0,7.2,True,4,4,5181
Squat,133,8,1,2025-04-04,2.0,6.8,True,4,4,1064
Overhead Press,103,8,2,2025-04-04,,,False,4,4,1648
Bench Press,112,8,5,2025-04-05,4.0,,True,5,4,4480
Bench Press,105,3,2,2025-04-05,,,False,5,4,630
Deadlift,163,3,4,2025-04-05,0.0,7.3,False,5,4,1956
Overhead Press,104,6,5,2025-04-05,4.0,,False,5,4,3120
Barbell Row,103,5,3,2025-04-05,1.0,9.2,True,5,4,1545
Deadlift,153,12,5,2025-04-06,1.0,9.4,False,6,4,9180
Squat,128,8,2,2025-04-06,1.0,6.9,True,6,4,2048
Bench Press,108,4,4,2025-04-06,2.0,8.2,False,6,4,1728
Barbell Row,110,12,1,2025-04-06,1.0,,False,6,4,1320
Barbell Row,104,7,3,2025-04-06,3.0,6.2,True,6,4,2184
Overhead Press,103,4,4,2025-04-06,1.0,8.4,False,6,4,1648
Overhead Press,109,4,2,2025-04-06,2.0,,False,6,4,872
Barbell Row,110,7,2,2025-04-07,3.0,6.8,False,0,4,1540
Deadlift,154,3,5,2025-04-07,2.0,9.6,True,0,4,2310
Deadlift,165,6,1,2025-04-07,2.0,,True,0,4,990
Squat,123,8,5,2025-04-07,0.0,,False,0,4,4920
Overhead Press,105,6,3,2025-04-07,2.0,,False,0,4,1890
Overhead Press,110,7,3,2025-04-07,1.0,,True,0,4,2310
Bench Press,114,6,2,2025-04-07,1.0,7.8,False,0,4,1368
Barbell Row,110,8,3,2025-04-07,1.0,,True,0,4,2640
Deadlift,156,6,3,2025-04-08,3.0,7.8,True,1,4,2808
Deadlift,167,11,1,2025-04-08,0.0,8.1,False,1,4,1837
Squat,126,12,3,2025-04-08,3.0,7.2,True,1,4,4536
Barbell Row,115,5,5,2025-04-08,4.0,6.6,False,1,4,2875
Squat,126,3,3,2025-04-08,4.0,6.1,True,1,4,1134
Bench Press,117,4,1,2025-04-08,2.0,6.3,True,1,4,468
Deadlift,166,11,5,2025-04-09,1.0,,True,2,4,9130
Squat,123,9,5,2025-04-09,4.0,6.6,True,2,4,5535
Overhead Press,101,3,3,2025-04-09,,,False,2,4,909
Overhead Press,113,3,1,2025-04-09,2.0,9.9,False,2,4,339
Barbell Row,114,6,5,2025-04-09,4.0,8.0,False,2,4,3420
Barbell Row,115,11,1,2025-04-10,3.0,8.3,True,3,4,1265
Barbell Row,112,3,3,2025-04-10,3.0,8.6,False,3,4,1008
Squat,123,4,2,2025-04-10,1.0,7.4,False,3,4,984
Deadlift,166,3,2,2025-04-10,4.0,6.6,True,3,4,996
Squat,119,12,4,2025-04-10,,7.8,True,3,4,5712
Bench Press,116,10,5,2025-04-10,3.0,8.6,True,3,4,5800
Squat,124,6,5,2025-04-11,2.0,8.8,True,4,4,3720
Squat,126,11,3,2025-04-11,1.0,9.9,False,4,4,4158
Overhead Press,105,8,4,2025-04-11,2.0,8.1,False,4,4,3360
Barbell Row,115,5,4,2025-04-11,0.0,,True,4,4,2300
Overhead Press,101,9,2,2025-04-11,,9.1,True,4,4,1818
Bench Press,112,7,4,2025-04-11,,,False,4,4,3136
Squat,126,11,3,2025-04-12,0.0,,True,5,4,4158
Squat,122,5,2,2025-04-12,,,False,5,4,1220
Overhead Press,104,5,2,2025-04-12,,,False,5,4,1040
Overhead Press,107,3,5,2025-04-12,,,False,5,4,1605
Barbell Row,112,8,4,2025-04-12,,,False,5,4,3584
Barbell Row,120,11,4,2025-04-12,2.0,8.0,True,5,4,5280
Bench Press,113,6,1,2025-04-12,3.0,6.4,True,5,4,678
Bench Press,113,12,2,2025-04-12,,,False,5,4,2712
Deadlift,157,6,2,2025-04-13,1.0,,True,6,4,1884
Deadlift,162,5,2,2025-04-13,4.0,8.3,True,6,4,1620
Squat,124,11,3,2025-04-13,,6.2,True,6,4,4092
Squat,131,5,2,2025-04-13,4.0,7.1,True,6,4,1310
Bench Press,121,4,1,2025-04-13,4.0,,False,6,4,484
Bench Press,110,11,2,2025-04-14,0.0,9.7,True,0,4,2420
Deadlift,167,5,4,2025-04-14,2.0,,True,0,4,3340
Bench Press,120,5,2,2025-04-14,2.0,7.5,True,0,4,1200
Overhead Press,104,6,2,2025-04-14,1.0,8.4,True,0,4,1248
Overhead Press,104,8,1,2025-04-14,1.0,8.9,True,0,4,832
Barbell Row,112,3,2,2025-04-14,4.0,6.6,False,0,4,672
Squat,127,9,5,2025-04-14,3.0,,True,0,4,5715
Overhead Press,104,5,3,2025-04-15,4.0,9.9,True,1,4,1560
Deadlift,172,4,5,2025-04-15,,8.1,True,1,4,3440
Squat,129,6,4,2025-04-15,4.0,7.1,True,1,4,3096
Barbell Row,117,6,1,2025-04-15,4.0,9.8,False,1,4,702
Deadlift,162,6,4,2025-04-15,3.0,7.2,False,1,4,3888
Barbell Row,110,10,3,2025-04-16,4.0,8.4,True,2,4,3300
Barbell Row,113,12,4,2025-04-16,3.0,,False,2,4,5424
Bench Press,114,10,5,2025-04-16,1.0,,False,2,4,5700
Deadlift,170,10,3,2025-04-16,0.0,,True,2,4,5100
Overhead Press,103,7,4,2025-04-16,,6.3,True,2,4,2884
Squat,124,11,2,2025-04-16,3.0,7.1,False,2,4,2728
Bench Press,118,12,3,2025-04-17,2.0,7.9,True,3,4,4248
Barbell Row,113,9,3,2025-04-17,4.0,,True,3,4,3051
Bench Press,114,9,3,2025-04-17,1.0,,False,3,4,3078
Squat,119,5,4,2025-04-17,1.0,,True,3,4,2380
Deadlift,167,5,5,2025-04-17,3.0,,False,3,4,4175
Deadlift,166,9,1,2025-04-18,0.0,7.4,True,4,4,1494
Deadlift,162,11,3,2025-04-18,4.0,7.9,True,4,4,5346
Overhead Press,105,8,3,2025-04-18,3.0,9.9,False,4,4,2520
Squat,125,4,2,2025-04-18,,,False,4,4,1000
Barbell Row,118,12,2,2025-04-18,,9.6,True,4,4,2832
Bench Press,113,9,4,2025-04-18,1.0,,False,4,4,4068
Overhead Press,103,12,2,2025-04-19,3.0,7.7,False,5,4,2472
Bench Press,115,6,3,2025-04-19,0.0,9.5,False,5,4,2070
Barbell Row,111,11,4,2025-04-19,,7.4,True,5,4,4884
Barbell Row,110,3,4,2025-04-19,,9.8,True,5,4,1320
Squat,129,8,5,2025-04-20,2.0,8.1,True,6,4,5160
Overhead Press,99,4,3,2025-04-20,1.0,6.2,True,6,4,1188
Bench Press,123,4,4,2025-04-20,4.0,7.4,False,6,4,1968
Barbell Row,117,9,1,2025-04-20,,,True,6,4,1053
Barbell Row,114,7,3,2025-04-20,,7.5,False,6,4,2394
Squat,134,12,2,2025-04-20,1.0,9.0,True,6,4,3216
Overhead Press,104,12,5,2025-04-21,1.0,7.1,False,0,4,6240
Deadlift,161,8,2,2025-04-21,0.0,,True,0,4,2576
Barbell Row,122,10,5,2025-04-21,3.0,6.2,True,0,4,6100
Barbell Row,116,10,1,2025-04-21,,,True,0,4,1160
Squat,131,12,3,2025-04-21,2.0,7.0,False,0,4,4716
Squat,126,10,2,2025-04-22,1.0,8.9,True,1,4,2520
Barbell Row,119,9,4,2025-04-22,2.0,,True,1,4,4284
Bench Press,122,3,3,2025-04-22,,,True,1,4,1098
Overhead Press,105,12,4,2025-04-22,4.0,,True,1,4,5040
Overhead Press,107,6,5,2025-04-22,3.0,,False,1,4,3210
Barbell Row,117,9,1,2025-04-22,,9.6,False,1,4,1053
Deadlift,172,8,2,2025-04-22,1.0,,False,1,4,2752
Deadlift,171,8,3,2025-04-23,,9.1,True,2,4,4104
Squat,124,6,3,2025-04-23,3.0,7.7,True,2,4,2232
Squat,136,6,4,2025-04-23,2.0,6.2,True,2,4,3264
Overhead Press,105,7,1,2025-04-23,0.0,6.9,True,2,4,735
Barbell Row,127,7,3,2025-04-23,3.0,,True,2,4,2667
Barbell Row,121,9,1,2025-04-23,4.0,6.9,True,2,4,1089
Squat,127,7,4,2025-04-24,0.0,8.7,True,3,4,3556
Overhead Press,106,10,4,2025-04-24,2.0,,True,3,4,4240
Bench Press,122,10,4,2025-04-24,3.0,9.2,False,3,4,4880
Bench Press,119,9,4,2025-04-24,4.0,,True,3,4,4284
Barbell Row,118,6,1,2025-04-24,3.0,8.6,False,3,4,708
Deadlift,166,8,5,2025-04-24,2.0,7.0,False,3,4,6640
Deadlift,176,12,1,2025-04-25,2.0,,False,4,4,2112
Barbell Row,117,3,3,2025-04-25,2.0,,True,4,4,1053
Bench Press,126,3,3,2025-04-25,1.0,6.0,True,4,4,1134
Overhead Press,100,8,2,2025-04-25,2.0,9.9,True,4,4,1600
Overhead Press,110,11,4,2025-04-25,0.0,9.5,True,4,4,4840
Barbell Row,120,4,2,2025-04-25,3.0,,True,4,4,960
Overhead Press,104,8,5,2025-04-26,4.0,,False,5,4,4160
Squat,127,5,1,2025-04-26,0.0,6.5,False,5,4,635
Bench Press,120,3,3,2025-04-26,,9.4,True,5,4,1080
Barbell Row,127,3,2,2025-04-26,3.0,,False,5,4,762
Deadlift,177,11,2,2025-04-26,0.0,,True,5,4,3894
Barbell Row,133,11,1,2025-04-27,2.0,,True,6,4,1463
Overhead Press,102,5,5,2025-04-27,1.0,8.4,True,6,4,2550
Bench Press,116,11,2,2025-04-27,3.0,6.5,False,6,4,2552
Bench Press,115,8,4,2025-04-27,0.0,6.2,False,6,4,3680
Deadlift,166,5,4,2025-04-27,,9.2,True,6,4,3320
Barbell Row,124,4,2,2025-04-28,2.0,7.5,False,0,4,992
Bench Press,117,4,5,2025-04-28,4.0,,True,0,4,2340
Bench Press,114,11,1,2025-04-28,4.0,7.0,True,0,4,1254
Barbell Row,128,9,1,2025-04-28,,,True,0,4,1152
Overhead Press,103,10,5,2025-04-28,3.0,,True,0,4,5150
Squat,130,4,2,2025-04-28,1.0,7.2,False,0,4,1040
Squat,137,6,4,2025-04-28,2.0,,True,0,4,3288
Deadlift,178,4,2,2025-04-28,0.0,8.0,True,0,4,1424
Bench Press,111,12,4,2025-04-29,,9.6,False,1,4,5328
Barbell Row,129,9,3,2025-04-29,3.0,,True,1,4,3483
Squat,138,10,5,2025-04-29,1.0,,True,1,4,6900
Barbell Row,131,9,4,2025-04-29,1.0,8.6,False,1,4,4716
Bench Press,117,6,5,2025-04-29,,6.5,False,1,4,3510
Bench Press,114,7,3,2025-04-30,,7.6,False,2,4,2394
Barbell Row,129,7,5,2025-04-30,0.0,8.8,True,2,4,4515
Overhead Press,102,4,3,2025-04-30,1.0,9.9,True,2,4,1224
Overhead Press,107,3,5,2025-05-01,,,False,3,5,1605
Barbell Row,130,3,2,2025-05-01,4.0,6.1,True,3,5,780
Deadlift,176,9,4,2025-05-01,4.0,,False,3,5,6336
Bench Press,123,9,4,2025-05-01,0.0,,False,3,5,4428
Bench Press,112,10,4,2025-05-01,0.0,7.8,False,3,5,4480
Overhead Press,110,4,4,2025-05-01,,,False,3,5,1760
Squat,132,6,4,2025-05-01,3.0,9.6,False,3,5,3168
Bench Press,116,4,2,2025-05-02,0.0,8.2,False,4,5,928
Overhead Press,111,10,2,2025-05-02,0.0,6.3,False,4,5,2220
Overhead Press,112,6,4,2025-05-02,1.0,7.2,False,4,5,2688
Squat,144,11,2,2025-05-02,2.0,8.6,True,4,5,3168
Barbell Row,133,9,1,2025-05-02,,8.2,True,4,5,1197
Deadlift,173,12,3,2025-05-02,2.0,7.1,False,4,5,6228
Squat,136,5,3,2025-05-03,4.0,,True,5,5,2040
Bench Press,118,10,1,2025-05-03,2.0,7.4,False,5,5,1180
Deadlift,173,7,3,2025-05-03,,9.7,True,5,5,3633
Overhead Press,109,4,1,2025-05-03,1.0,,False,5,5,436
Barbell Row,128,6,1,2025-05-03,,8.8,True,5,5,768
Bench Press,118,10,1,2025-05-03,,9.8,False,5,5,1180
Bench Press,117,9,3,2025-05-04,3.0,7.7,False,6,5,3159
Deadlift,168,6,3,2025-05-04,,,True,6,5,3024
Squat,139,3,5,2025-05-04,0.0,7.7,False,6,5,2085
Squat,142,6,2,2025-05-04,2.0,7.9,True,6,5,1704
Overhead Press,108,12,5,2025-05-04,0.0,6.7,False,6,5,6480
Barbell Row,122,11,2,2025-05-05,,7.4,False,0,5,2684
Squat,147,3,3,2025-05-05,0.0,,True,0,5,1323
Overhead Press,107,5,3,2025-05-05,1.0,,False,0,5,1605
Overhead Press,105,7,4,2025-05-05,0.0,,False,0,5,2940
Barbell Row,129,9,3,2025-05-06,0.0,,True,1,5,3483
Bench Press,122,10,3,2025-05-06,3.0,9.1,True,1,5,3660
Squat,140,5,1,2025-05-06,1.0,,True,1,5,700
Deadlift,172,10,2,2025-05-06,2.0,,True,1,5,3440
Overhead Press,114,9,5,2025-05-07,,,True,2,5,5130
Overhead Press,115,7,1,2025-05-07,4.0,,False,2,5,805
Barbell Row,128,7,4,2025-05-07,2.0,9.6,True,2,5,3584
Deadlift,177,12,4,2025-05-07,2.0,9.4,True,2,5,8496
Barbell Row,128,9,4,2025-05-07,4.0,,False,2,5,4608
Bench Press,115,6,2,2025-05-07,4.0,,False,2,5,1380
Bench Press,120,12,5,2025-05-07,3.0,8.5,True,2,5,7200
Deadlift,171,9,5,2025-05-07,2.0,,False,2,5,7695
Squat,145,4,3,2025-05-07,,,False,2,5,1740
Deadlift,181,5,1,2025-05-08,0.0,,True,3,5,905
Squat,139,3,4,2025-05-08,,8.9,False,3,5,1668
Barbell Row,139,10,4,2025-05-08,2.0,,False,3,5,5560
Overhead Press,108,7,2,2025-05-08,,7.6,False,3,5,1512
Bench Press,121,9,1,2025-05-08,,,True,3,5,1089
Barbell Row,130,4,4,2025-05-09,0.0,,False,4,5,2080
Overhead Press,118,6,4,2025-05-09,4.0,,True,4,5,2832
Bench Press,118,9,2,2025-05-09,,6.4,False,4,5,2124
Squat,143,4,3,2025-05-09,2.0,8.7,True,4,5,1716
Deadlift,170,7,4,2025-05-10,3.0,,False,5,5,4760
Overhead Press,115,6,2,2025-05-10,4.0,8.4,False,5,5,1380
Squat,140,5,3,2025-05-10,1.0,,False,5,5,2100
Squat,134,10,1,2025-05-10,1.0,7.2,True,5,5,1340
Bench Press,123,5,3,2025-05-10,,6.9,True,5,5,1845
Squat,148,4,2,2025-05-11,1.0,10.0,True,6,5,1184
Barbell Row,133,6,3,2025-05-11,0.0,9.4,False,6,5,2394
Barbell Row,135,12,4,2025-05-11,1.0,,True,6,5,6480
Bench Press,120,4,1,2025-05-11,1.0,,True,6,5,480
Squat,147,4,1,2025-05-12,2.0,9.7,True,0,5,588
Barbell Row,128,5,2,2025-05-12,,8.0,True,0,5,1280
Overhead Press,114,12,1,2025-05-12,1.0,7.4,False,0,5,1368
Bench Press,119,11,2,2025-05-12,2.0,7.0,False,0,5,2618
Bench Press,117,9,1,2025-05-12,0.0,,True,0,5,1053
Deadlift,173,9,5,2025-05-12,3.0,,True,0,5,7785
Barbell Row,131,10,4,2025-05-13,2.0,10.0,True,1,5,5240
Bench Press,127,5,2,2025-05-13,1.0,7.2,False,1,5,1270
Overhead Press,111,7,3,2025-05-13,1.0,,False,1,5,2331
Bench Press,128,9,2,2025-05-13,3.0,,False,1,5,2304
Deadlift,189,11,4,2025-05-13,4.0,9.4,False,1,5,8316
Overhead Press,115,6,1,2025-05-13,2.0,,False,1,5,690
Deadlift,169,10,3,2025-05-13,,8.5,False,1,5,5070
Squat,151,12,4,2025-05-13,,6.1,True,1,5,7248
Deadlift,180,7,3,2025-05-14,3.0,7.5,True,2,5,3780
Overhead Press,118,3,1,2025-05-14,4.0,6.1,True,2,5,354
Bench Press,122,10,3,2025-05-14,,6.4,True,2,5,3660
Bench Press,120,11,3,2025-05-14,4.0,6.8,True,2,5,3960
Barbell Row,134,5,2,2025-05-14,1.0,6.1,False,2,5,1340
Deadlift,169,8,4,2025-05-14,0.0,8.4,True,2,5,5408
Barbell Row,132,8,4,2025-05-15,2.0,7.0,False,3,5,4224
Squat,152,6,4,2025-05-15,0.0,,False,3,5,3648
Squat,149,8,5,2025-05-15,3.0,,True,3,5,5960
Bench Press,129,6,5,2025-05-15,0.0,,True,3,5,3870
Overhead Press,121,11,4,2025-05-15,4.0,8.4,False,3,5,5324
Deadlift,172,11,2,2025-05-16,1.0,,True,4,5,3784
Deadlift,170,4,4,2025-05-16,0.0,7.7,True,4,5,2720
Barbell Row,132,8,2,2025-05-16,,,False,4,5,2112
Barbell Row,137,6,4,2025-05-16,,6.7,True,4,5,3288
Squat,150,4,1,2025-05-16,,8.6,False,4,5,600
Overhead Press,118,4,3,2025-05-17,3.0,,True,5,5,1416
Squat,146,8,4,2025-05-17,,6.4,True,5,5,4672
Squat,149,7,1,2025-05-17,1.0,,True,5,5,1043
Barbell Row,135,9,1,2025-05-17,0.0,6.2,True,5,5,1215
Deadlift,187,10,5,2025-05-17,,8.7,False,5,5,9350
Barbell Row,127,5,1,2025-05-17,1.0,6.3,True,5,5,635
Deadlift,181,11,3,2025-05-17,2.0,,False,5,5,5973
Deadlift,177,12,4,2025-05-18,1.0,,True,6,5,8496
Overhead Press,112,5,3,2025-05-18,,9.0,True,6,5,1680
Barbell Row,137,9,2,2025-05-18,3.0,7.7,True,6,5,2466
Squat,156,10,4,2025-05-18,1.0,8.5,True,6,5,6240
Deadlift,174,4,5,2025-05-18,2.0,,True,6,5,3480
Squat,159,7,2,2025-05-19,,,True,0,5,2226
Deadlift,173,6,3,2025-05-19,2.0,,True,0,5,3114
Bench Press,123,9,3,2025-05-19,0.0,9.7,False,0,5,3321
Bench Press,133,9,3,2025-05-20,2.0,,True,1,5,3591
Squat,146,11,4,2025-05-20,4.0,,True,1,5,6424
Bench Press,126,4,4,2025-05-21,2.0,8.4,False,2,5,2016
Squat,147,9,4,2025-05-21,4.0,,False,2,5,5292
Overhead Press,124,3,3,2025-05-21,1.0,,True,2,5,1116
Barbell Row,135,11,1,2025-05-21,,8.8,False,2,5,1485
Bench Press,133,7,1,2025-05-21,3.0,,True,2,5,931
Barbell Row,130,3,3,2025-05-21,1.0,9.3,False,2,5,1170
Bench Press,134,3,1,2025-05-22,,9.3,True,3,5,402
Barbell Row,141,9,3,2025-05-22,0.0,6.9,False,3,5,3807
Barbell Row,131,4,4,2025-05-22,4.0,8.6,True,3,5,2096
Deadlift,186,8,2,2025-05-22,2.0,,True,3,5,2976
Squat,143,3,4,2025-05-22,3.0,8.9,True,3,5,1716
Bench Press,132,6,4,2025-05-23,2.0,,True,4,5,3168
Bench Press,130,5,5,2025-05-23,1.0,,False,4,5,3250
Deadlift,181,12,2,2025-05-23,,,True,4,5,4344
Barbell Row,144,5,3,2025-05-23,0.0,7.4,True,4,5,2160
Overhead Press,126,5,2,2025-05-23,,8.8,True,4,5,1260
Deadlift,181,10,5,2025-05-23,1.0,,False,4,5,9050
Squat,146,8,2,2025-05-23,3.0,8.3,False,4,5,2336
Barbell Row,131,7,3,2025-05-23,1.0,,False,4,5,2751
Overhead Press,123,9,4,2025-05-24,1.0,,False,5,5,4428
Overhead Press,117,3,1,2025-05-24,2.0,,False,5,5,351
Squat,151,6,4,2025-05-24,0.0,9.4,False,5,5,3624
Bench Press,130,4,1,2025-05-24,,,True,5,5,520
Deadlift,189,3,5,2025-05-24,4.0,,True,5,5,2835
Deadlift,175,12,2,2025-05-24,,,False,5,5,4200
Barbell Row,139,6,1,2025-05-24,4.0,,True,5,5,834
Deadlift,197,9,2,2025-05-25,3.0,9.1,True,6,5,3546
Barbell Row,132,7,1,2025-05-25,1.0,7.9,False,6,5,924
Overhead Press,123,6,2,2025-05-25,3.0,,False,6,5,1476
Overhead Press,114,4,2,2025-05-25,2.0,8.6,True,6,5,912
Squat,158,10,5,2025-05-25,,9.2,False,6,5,7900
Deadlift,195,8,4,2025-05-25,2.0,9.9,True,6,5,6240
Bench Press,129,11,2,2025-05-25,4.0,8.2,True,6,5,2838
Deadlift,193,4,5,2025-05-26,0.0,9.9,False,0,5,3860
Squat,156,3,2,2025-05-26,3.0,7.7,True,0,5,936
Bench Press,130,12,2,2025-05-26,,7.5,False,0,5,3120
Bench Press,133,10,3,2025-05-26,0.0,,False,0,5,3990
Squat,149,10,5,2025-05-27,0.0,6.1,False,1,5,7450
Overhead Press,126,6,3,2025-05-27,4.0,8.9,True,1,5,2268
Overhead Press,122,7,5,2025-05-27,1.0,7.1,False,1,5,4270
Barbell Row,137,9,2,2025-05-27,,6.7,True,1,5,2466
Squat,156,9,1,2025-05-28,2.0,,True,2,5,1404
Squat,161,6,5,2025-05-28,0.0,,True,2,5,4830
Barbell Row,131,6,2,2025-05-28,,9.2,True,2,5,1572
Bench Press,130,10,1,2025-05-28,,,True,2,5,1300
Bench Press,134,11,4,2025-05-29,,9.8,True,3,5,5896
Deadlift,189,10,5,2025-05-29,4.0,7.2,False,3,5,9450
Barbell Row,138,8,3,2025-05-29,0.0,8.6,True,3,5,3312
Squat,163,8,4,2025-05-29,,,True,3,5,5216
Overhead Press,120,5,5,2025-05-29,4.0,8.9,True,3,5,3000
Bench Press,137,8,2,2025-05-29,2.0,,False,3,5,2192
Barbell Row,137,4,1,2025-05-29,3.0,6.7,False,3,5,548
Squat,152,4,2,2025-05-30,3.0,,True,4,5,1216
Barbell Row,137,3,5,2025-05-30,3.0,,True,4,5,2055
Overhead Press,122,11,4,2025-05-30,4.0,9.0,True,4,5,5368
Bench Press,135,10,4,2025-05-30,1.0,,False,4,5,5400
Deadlift,194,5,1,2025-05-30,3.0,,False,4,5,970
Squat,162,8,1,2025-05-31,3.0,8.7,True,5,5,1296
Barbell Row,142,12,4,2025-05-31,,,True,5,5,6816
Deadlift,188,8,5,2025-05-31,1.0,9.9,True,5,5,7520
Bench Press,141,11,5,2025-05-31,1.0,8.5,True,5,5,7755
Overhead Press,124,12,1,2025-05-31,4.0,,True,5,5,1488
Deadlift,192,10,2,2025-05-31,3.0,,True,5,5,3840
Barbell Row,139,9,4,2025-05-31,1.0,7.8,False,5,5,5004
Deadlift,198,8,5,2025-06-01,3.0,9.9,True,6,6,7920
Barbell Row,143,10,4,2025-06-01,0.0,,False,6,6,5720
Deadlift,190,7,5,2025-06-01,4.0,6.5,False,6,6,6650
Bench Press,141,4,2,2025-06-01,2.0,8.0,True,6,6,1128
Bench Press,136,11,4,2025-06-01,4.0,6.1,True,6,6,5984
Squat,156,3,4,2025-06-01,3.0,,False,6,6,1872
Barbell Row,135,3,2,2025-06-02,0.0,7.1,False,0,6,810
Overhead Press,122,12,2,2025-06-02,2.0,,False,0,6,2928
Deadlift,192,12,3,2025-06-02,0.0,,True,0,6,6912
Squat,155,12,2,2025-06-02,1.0,6.6,True,0,6,3720
Barbell Row,146,4,1,2025-06-02,2.0,7.0,False,0,6,584
Bench Press,137,3,4,2025-06-02,,,True,0,6,1644
Bench Press,134,8,1,2025-06-02,3.0,,False,0,6,1072
Overhead Press,131,4,3,2025-06-03,,9.2,True,1,6,1572
Overhead Press,129,8,1,2025-06-03,3.0,8.2,True,1,6,1032
Barbell Row,144,10,3,2025-06-03,0.0,9.9,False,1,6,4320
Bench Press,140,8,1,2025-06-03,,,False,1,6,1120
Bench Press,136,5,3,2025-06-03,0.0,,False,1,6,2040
Squat,169,5,5,2025-06-04,1.0,6.3,True,2,6,4225
Deadlift,202,7,5,2025-06-04,2.0,8.4,True,2,6,7070
Barbell Row,143,3,2,2025-06-04,,7.0,True,2,6,858
Squat,169,6,3,2025-06-04,2.0,,False,2,6,3042
Deadlift,203,6,1,2025-06-05,1.0,,True,3,6,1218
Barbell Row,145,8,5,2025-06-05,2.0,7.9,False,3,6,5800
Squat,164,8,1,2025-06-05,1.0,8.2,True,3,6,1312
Squat,162,10,3,2025-06-05,2.0,,True,3,6,4860
Barbell Row,152,12,1,2025-06-05,0.0,6.7,False,3,6,1824
Deadlift,188,3,2,2025-06-06,0.0,8.2,True,4,6,1128
Overhead Press,130,12,5,2025-06-06,3.0,9.6,True,4,6,7800
Barbell Row,143,6,3,2025-06-06,4.0,,False,4,6,2574
Overhead Press,124,4,1,2025-06-07,1.0,,False,5,6,496
Squat,158,8,4,2025-06-07,0.0,7.0,False,5,6,5056
Squat,171,10,4,2025-06-07,0.0,8.9,True,5,6,6840
Bench Press,142,10,5,2025-06-07,1.0,8.9,True,5,6,7100
Bench Press,134,9,3,2025-06-07,0.0,9.9,False,5,6,3618
Deadlift,192,12,2,2025-06-07,2.0,,False,5,6,4608
Deadlift,202,10,2,2025-06-07,0.0,,True,5,6,4040
Barbell Row,147,9,3,2025-06-07,2.0,,True,5,6,3969
Squat,162,7,1,2025-06-08,4.0,,False,6,6,1134
Deadlift,203,4,3,2025-06-08,0.0,,False,6,6,2436
Deadlift,203,10,5,2025-06-08,,9.2,True,6,6,10150
Bench Press,134,6,4,2025-06-08,0.0,,False,6,6,3216
Overhead Press,136,12,2,2025-06-08,,,False,6,6,3264
Overhead Press,127,7,1,2025-06-08,4.0,10.0,False,6,6,889
Barbell Row,156,5,5,2025-06-08,1.0,6.4,False,6,6,3900
Squat,165,4,2,2025-06-08,,6.0,False,6,6,1320
Bench Press,134,4,5,2025-06-09,0.0,6.8,False,0,6,2680
Overhead Press,132,3,1,2025-06-09,4.0,6.3,True,0,6,396
Overhead Press,134,11,3,2025-06-09,2.0,,False,0,6,4422
Squat,169,4,1,2025-06-09,1.0,8.3,False,0,6,676
Barbell Row,151,5,1,2025-06-09,3.0,6.6,False,0,6,755
Bench Press,139,8,3,2025-06-09,,6.3,False,0,6,3336
Overhead Press,131,7,2,2025-06-10,2.0,9.6,False,1,6,1834
Bench Press,147,8,5,2025-06-10,3.0,,True,1,6,5880
Squat,160,10,1,2025-06-10,4.0,,False,1,6,1600
Deadlift,187,4,5,2025-06-10,0.0,,True,1,6,3740
Deadlift,191,12,1,2025-06-10,4.0,,True,1,6,2292
Overhead Press,125,9,3,2025-06-10,0.0,,True,1,6,3375
Barbell Row,143,4,1,2025-06-10,2.0,7.2,True,1,6,572
